﻿<?xml version="1.0" encoding="utf-8"?><ArrayOfGameItem xmlns:xsi="http://www.w3.org/2001/XMLSchema-instance" xmlns:xsd="http://www.w3.org/2001/XMLSchema"><GameItem><ID>SpawnPoint(Clone)_-12238</ID><Name>SpawnPoint(Clone)</Name><posx>-164.598541</posx><posy>224.725876</posy><posz>0</posz></GameItem><GameItem><ID>Level Editor Camera_6778</ID><Name>Level Editor Camera</Name><posx>0</posx><posy>0</posy><posz>-999</posz></GameItem><GameItem><ID>Text_6794</ID><Name>Text</Name><posx>-352</posx><posy>349</posy><posz>0</posz></GameItem><GameItem><ID>Load Button_6818</ID><Name>Load Button</Name><posx>-432</posx><posy>349</posy><posz>0</posz></GameItem><GameItem><ID>Platform_6828</ID><Name>Platform</Name><posx>153</posx><posy>-173</posy><posz>0</posz></GameItem><GameItem><ID>Background Sprite_6862</ID><Name>Background Sprite</Name><posx>0</posx><posy>0</posy><posz>0</posz></GameItem><GameItem><ID>Text_6868</ID><Name>Text</Name><posx>-682</posx><posy>349</posy><posz>0</posz></GameItem><GameItem><ID>Platform_6884</ID><Name>Platform</Name><posx>476</posx><posy>13</posy><posz>0</posz></GameItem><GameItem><ID>Reset Level Button_6896</ID><Name>Reset Level Button</Name><posx>-107</posx><posy>349</posy><posz>0</posz></GameItem><GameItem><ID>Platform_6920</ID><Name>Platform</Name><posx>-323.819641</posx><posy>124.929222</posy><posz>0</posz></GameItem><GameItem><ID>Text_6940</ID><Name>Text</Name><posx>-517</posx><posy>349</posy><posz>0</posz></GameItem><GameItem><ID>Platform_6948</ID><Name>Platform</Name><posx>-15</posx><posy>-238</posy><posz>0</posz></GameItem><GameItem><ID>Play Canvas_6968</ID><Name>Play Canvas</Name><posx>23</posx><posy>-71</posy><posz>0</posz></GameItem><GameItem><ID>UI_Editor_screen_6980</ID><Name>UI_Editor_screen</Name><posx>0</posx><posy>0</posy><posz>0</posz></GameItem><GameItem><ID>Text_6986</ID><Name>Text</Name><posx>-107</posx><posy>349</posy><posz>0</posz></GameItem><GameItem><ID>Save Button_6994</ID><Name>Save Button</Name><posx>-597</posx><posy>349</posy><posz>0</posz></GameItem><GameItem><ID>Edit Button_7016</ID><Name>Edit Button</Name><posx>-762</posx><posy>349</posy><posz>0</posz></GameItem><GameItem><ID>Platform_7026</ID><Name>Platform</Name><posx>376</posx><posy>-87</posy><posz>0</posz></GameItem><GameItem><ID>EventSystem_7058</ID><Name>EventSystem</Name><posx>0</posx><posy>0</posy><posz>0</posz></GameItem><GameItem><ID>CameraController_7086</ID><Name>CameraController</Name><posx>-247.625</posx><posy>140.445313</posy><posz>82</posz></GameItem><GameItem><ID>Goal_7092</ID><Name>Goal</Name><posx>572</posx><posy>141</posy><posz>0</posz></GameItem><GameItem><ID>Platform_7100</ID><Name>Platform</Name><posx>-541.4097</posx><posy>-171.6246</posy><posz>0</posz></GameItem><GameItem><ID>Menu Panel_7122</ID><Name>Menu Panel</Name><posx>-767</posx><posy>369</posy><posz>0</posz></GameItem><GameItem><ID>Platform_7130</ID><Name>Platform</Name><posx>-432.6147</posx><posy>-18.96079</posy><posz>0</posz></GameItem><GameItem><ID>Player_7154</ID><Name>Player</Name><posx>-23.8141727</posx><posy>-184.985062</posy><posz>0</posz></GameItem><GameItem><ID>Load_Save_XML_7174</ID><Name>Load_Save_XML</Name><posx>0</posx><posy>0</posy><posz>0</posz></GameItem><GameItem><ID>Level Play Camera_7182</ID><Name>Level Play Camera</Name><posx>12.2999878</posx><posy>-69.5</posy><posz>-770.45</posz></GameItem><GameItem><ID>Platform_7194</ID><Name>Platform</Name><posx>567.597</posx><posy>88.07888</posy><posz>0</posz></GameItem></ArrayOfGameItem>